,Model,Fatality.Count,Model.Count,Model.Fatality.Percentage
16,737,16,486,3.0
18,G-164A,22,451,5.0
67,Pa-22,12,199,6.0
104,Pa-20,8,130,6.0
131,G-164,6,105,6.0
128,T188C,7,106,7.000000000000001
21,G-164B,28,408,7.000000000000001
86,170,11,162,7.000000000000001
114,A75N1,8,120,7.000000000000001
88,Uh-12E,11,159,7.000000000000001
